Protein name,Decapeptide,Obsd
P81408,PLPRRPPRAA,4.37
P39193,IRPPRPPKVL,3.95
O43163,CSPIRPPKYY,2.36
Q9UP58,RSPPRPPRER,3.88
Q9Y520,QRPTRPPRQD,3.83
Q9H3C0,IRPPRPPKVL,4.17
Q9ULP6,FLPARPPRAQ,4.27
P39189,IRPPRPPKVL,4.09
O43584,FKPSRPPRPS,4.26
Q13480,IPPPRPPKPH,2.8
Q9UPS6,LPPPRPPRPP,3.75
P55201,KRPGRPPKNR,3.88
Q9NYS8,RPPRRPRKPK,3.89
Q9ULI4,TAPRRPQRYS,4.21
Q9C098,QELRRPSKSM,1.69
Q9UBI4,ALLKRPLREI,2.94
Q9HCK1,PPPKRPVRAS,4.15
P78527,ASLRRPKRII,2.87
Q9NUE2,GQLKRPRRNG,2.71
O75925,VEPKRPSRPI,3.67
Q9Y6R0,GGPRRPERHL,3.52
P33076,HILKRPDRVL,2.94
Q9H427,WLPRRPARSV,3.92
Q9UN16,VEPKRPCRPI,3.94
Q9P2Y5,SSFRRPRRSS,3.37
Q9UGK6,RLPRRPARSG,3.95
P55201,GPPKRPGRPP,3.71
Q9NWB4,TPPRRPHRCS,3.82
P50749,WGLRRPIRLQ,2.97
Q9H6D1,EEPRRPLRSD,3.28
P23378,IRLKRPLKME,1.34
O75449,KGIRRPWKGV,1.8
Q14839,EAPRRPSRKG,4.1
O43581,RDPRRPARGR,3.14
Q9Y469,GVLRRPRRRP,3.39
Q13135,AVLRRPQKGR,1.93
O75878,DCIRRPLRPG,2.93
Q96T37,VDIKRPSRGQ,2.82
Q9HCL0,HHPKRPSRQI,3.6
Q16456,TSPRRPLRPT,3.55
P30304,SVLKRPERSQ,1.95
O14746,PLPKRPRRGA,3.74
Q9H6U6,DSPRRPSRCT,4.05
Q9Y6X2,AEPKRPSRPI,3.59
Q9BR44,SALRRPWRKC,2.73
Q12946,AGIRRPEKPP,1.85
Q9NZN5,GPPRRPSRHD,4.25
Q16753,QPLRRPFRPN,3.23
Q08493,RQPRRPIRIQ,3.5
Q9NPG4,QQPKRPQKHI,2.01
P13611,YCFKRPDRCK,2.73
Q96Q04,PGPRRPPWEG,1.4
Q02080,APPRRPPQSA,3.52
Q8WVK0,IPPKRPPRKH,4.24
Q9C095,AGPRRPPGDP,1.57
Q96Q00,RRPRRPPTVF,3.19
Q9H462,PIPSKPPGGF,1.62
Q9UDM5,QVPPRPPPPR,3.37
Q9UPS7,ESPGRPPPTA,1.34
Q13330,ALPPRPPPPA,1.65
Q9H314,NFPNKPPLTF,1.66
Q9BVH8,RPPPRPPCRL,4.44
O43584,PRPSRPPPPT,3.86
P18206,VPPPRPPPPE,1.66
O95359,GSPFRPPSHS,1.71
Q9Y6V0,LGPAKPPAQQ,1.72
P20810,DKPVKPPTKK,1.68
Q14296,RLPPKPPPPL,2.95
Q9H3S7,PVPPRPPAAE,1.7
Q8TBS2,GLPSRPPSQL,1.63
P17480,GRPTKPPPNS,1.82
O14967,VPPIKPPKEI,1.64
Q99700,RPPSRPPSRP,4.37
Q9UFC0,NSPEKPPEAG,1.61
Q8TDZ8,ALPGRPPRWL,4.21
P48634,GPPCKPPAPE,1.59
Q9Y6X0,SKPRKPPMVM,1.77
P18887,SSPQKPPTPE,1.64
Q8WZ42,IPPKKPPTKV,1.59
Q92569,ALPPKPPKPM,1.95
Q9H7S9,LPPGKPPSSS,1.37
Q9H292,DPPERPPPPP,1.64
AAH27972,APPARPPRPP,3.62
Q9UJJ7,PPPTKPPETE,1.78
Q8WZ42,CRPIKPPGPP,1.68
O75055,LVPLRPPSPA,3.21
O00459,ALPPKPPKAK,2.09
O94885,GSPEKPPEDD,1.56
O60885,SRPVKPPKKD,1.72
Q9Y6V0,PGPAKPPAQP,1.89
O94820,PVPERPPEPR,1.2
Q96T84,EFPFKPPSIY,1.51
Q9Y2N3,QTPERPAKKI,2.45
Q9Y2L0,FHILRPTKAP,2.29
Q9ULV5,GGLLRPERDH,1.9
O60298,RDITRPSRPA,2.73
Q9ULR8,NAPCRPLRRR,4.28
P07202,GLLARPAKLQ,1.99
Q12968,EFLERPSRDH,2.52
P11362,VLLVRPSRLS,3.9
Q9ULU1,NRFDRPDRNV,3.56
P78508,AKIARPKKRA,2.23
P29350,SFLARPSRKN,3.38
O00538,FSLPRPGRRG,3.04
P42679,TKLVRPKRKH,3.38
Q92932,SSPARPSKHS,2.36
Q9NRY3,HVISRPLKAP,1.92
Q9H247,PTLERPGRKR,2.7
Q9NYB9,ANLERPVRYI,3.49
Q9Y6K5,FIISRPTKLK,2.03
P78524,PKLDRPTKQM,2.06
P53814,TQPLRPPRGT,4.08
Q9ULR6,VDPQRPPRPE,3.44
O43193,LAICRPLRAR,3.12
Q14539,LRPLRPCRRY,4
Q03519,AYPNRPDRPV,3.11
O15350,QLLQRPPRDA,3.51
Q9H2F5,ADLIRPKRKY,2.62
O60281,AHLIRPRRLT,3.03
Q9H9T8,LYFCRPFREN,3.35
Q9P2D6,ISFPRPVKTT,2.3
O75134,GLLVRPSRVR,3.41
Q93074,VDPYRPVRLP,2.51
P55072,PAILRPGRLD,2.48
O43161,QTLPRPMKTL,1.9
Q16530,FFPPRPERVE,2.68
Q02833,PPPPRPDRGP,2.93
Q9UGB8,HTPGRPPRVT,3.29
O60307,IIISRPARLL,1.96
Q9HBQ8,GRPTRPCRGP,3.98
Q9Y2R2,SVILRPSKSV,2.08
P35573,PDFSRPNRKY,3.08
Q9UQ16,QVPSRPTRAP,3.94
Q9UPX1,PALPRPSRSS,2.89
Q9GZT0,KAFIRPFREH,4.07
P43686,PALLRPGRLD,3.31
Q9HB39,PNIGRPRKNV,2.13
Q96RL7,VEFFRPPKEV,2.22
P42858,AHLVRPQKCR,2.22
Q13573,QSIYRPSKNL,2.19
O94836,PSPARPKKSE,2.01
Q9UPV8,TAPARPLRLP,4.05
Q12789,RFLPRPIRQQ,3.24
Q9Y4Z6,ICFLRPTKEN,1.75
Q9UGX2,CEIERPERLT,2.09
Q9Y6R4,MPIARPARQT,3.98
Q9P2E3,EDFVRPLREG,3.72
P31629,KDLSRPQKPQ,2.03
Q13671,GGPQRPGRVV,3.63
Q9NZB2,ALLYRPVRQY,2.58
Q9C000,QILSRPERLL,2.99
Q99995,TVPTRPEKGY,2.75
Q9UFL7,ALPARPHRGL,3.78
Q13873,SSLQRPWRVP,2.7
Q99700,RPPSRPSRPP,4.08
Q9NUW7,YNFIRPVKGK,2.28
O43426,SLPIRPSRAP,4.33
O43584,SRPPRPSRPP,3.9
O75937,RTFLRPPKVK,1.89
Q13424,EALSRPARTA,2.64
O14927,LRLCRPYRLA,3.22
P98161,QELRRPAQLR,1.68
Q99946,LEPRRPPHDY,1.52
Q9H9E5,RRLKRPRTQG,1.54
Q96N50,YDLRRPSFTR,2.15
Q9NVN2,LPPKRPELPP,1.49
Q9BXK3,VDPKRPLMPE,1.43
O94979,KWIRRPVGAS,1.61
P23368,HIFRRPKGLF,1.56
O95444,IPFKRPCTYG,1.55
Q9NZ29,AKLRRPMVIE,1.54
Q9C0J1,FGIRRPLDPL,1.56
Q9NQ53,HVLRRPIVVV,1.57
Q12920,EKIKRPRSSN,1.42
Q9UNP7,NLFKRPLPKS,1.4
P48023,SVPRRPGQRR,1.51
Q08050,TSPRRPLILK,2.18
P39880,SAPRRPSSLQ,1.57
P29316,PTFRRPKTLR,1.75
Q9NQ90,TELRRPDAVR,1.58
O95180,GSPRRPGPEP,1.65
Q9Y2X7,LFPKRPALEP,1.61
Q96T37,VNFRRPEDAR,1.24
Q9BZI7,EKPKRPEDES,1.48
P12270,STPKRPSTSQ,1.51
P10747,MTPRRPGPTR,1.88
O95049,ASFKRPVVIL,1.68
Q9NPJ5,VGIRRPFQIP,1.53
Q96LS7,SPPRRPQHNS,1.65
Q9BXQ5,PHIKRPMNAF,1.51
Q14031,PSPRRPMSNL,1.88
Q9Y6S1,DWLRRPLGED,1.64
Q96S08,PVLRRPPILE,1.46
Q14767,NRLRRPGGSY,1.39
O43426,LEPKRPPPPR,1.46
Q9P2L5,KGLRRPHCTV,1.65
Q06945,GHIKRPMNAF,1.68
Q9BYS4,GRLRRPAHVP,1.32
Q9Y6Y1,PELRRPRSEP,1.54
P17010,KGFRRPSEKN,1.52
Q9NUC1,LDPRRPEIPT,1.42
Q9Y358,PELRRPGVQG,1.41
O60449,ATPRRPAGLL,1.68
Q9ULT6,HPFRRPKLSG,1.69
O60281,LKIKRPYGRK,1.48
P48788,GKFKRPPLRR,1.55
Q9UN79,SHIKRPMNAF,1.57
O00467,KQPKRPRSES,1.71
Q9UK39,PGLRRPLSPP,1.76
Q9Y384,ESLKRPWEDD,1.77
Q14678,GEFRRPRLAS,1.65
Q15910,TPPKRPGGRR,1.84
O75412,PLPRRPSTPR,3.29
P21399,SGPKRPQDKV,1.7
Q9HAM8,LLIKRPPFFH,1.53
Q14289,ETLRRPGGPQ,1.39
P57073,HSPRRPYASP,1.85
Q12933,NVLRRPFQAQ,1.5
Q9H3F6,IHIKRPDDRA,1.32
O95444,ISLRRPNCFG,1.43
Q9NUE8,DAPKRPKEAA,1.29
O60289,KQPRRPHFLL,1.48
O94887,RQIRRPKNVV,1.2
Q9NWH1,KPPKRPRLQR,2.58
P07996,NELRRPPLCY,1.54
Q99640,FSLKRPRGLS,1.6
P46100,TPLRRPTETN,1.5
P78524,LELRRPMDSR,1.64
Q96AA8,KPIKRPVLDP,1.55
O00763,KYIKRPGAVL,1.43
Q9P2C5,CAPRRPCAGD,1.37
Q9NVM4,VELRRPGQSH,1.46
P13674,QEFRRPCTLS,1.59
Q9Y618,LDLRRPPSDL,1.55
P36508,PPPKRPRIAY,1.59
Q14181,LYLRRPAADG,1.63
Q9C000,KTLRRPRCLL,1.51
Q9HCC8,FDLRRPPQNH,1.8
O94901,QALKRPDDTA,1.58
Q9H6E1,HELRRPVLQR,1.48
P78347,VPFRRPSTFG,1.49
Q9NWS7,YMLRRPALED,1.9
P04818,ELPRRPLPPA,1.6
Q92538,SMLRRPRTSS,2.06
Q96FM3,WQPKRPAVPK,1.24
Q96SD2,LDLRRPMRTV,3.03
Q9BXG4,SALKRPFEDG,1.44
Q9HC49,RVLKRPPNSV,1.52
Q9BZH3,PVLKRPRHVH,1.67
Q9UDY2,AGFKRPVVLF,1.39
P21453,GKFKRPIIAG,1.63
Q9H8D2,KSPKRPASPS,1.51
Q9C094,QGLRRPPSVL,1.81
Q96CC9,KRFKRPQFSP,1.53
P10721,DPLKRPTFKQ,1.6
P42229,ELLRRPMDSL,1.48
Q9NXX2,LQPKRPKTIK,1.37
Q92729,GSPRRPCGRK,1.54
Q96QG0,CAPRRPRRPR,3.69
Q9P2Q0,DVIKRPLVKN,1.42
Q92622,GMFRRPSEGQ,1.64
Q96QT6,PQLRRPFELL,1.53
P17096,PTPKRPRGRP,1.56
Q96BU4,APLRRPLAVL,2.5
Q9GZY5,ALFKRPKANG,1.28
Q9Y6N1,QPPRRPKSSN,2.15
Q9Y4Z6,QELRRPKYTI,1.51
Q9UN79,PEPKRPGVSE,1.42
Q9ULT6,DPLKRPVVYV,1.33
Q9Y6E0,DIPKRPFSQC,2
P12111,NIFKRPLGSR,1.48
Q13393,IFLKRPVVEG,1.51
Q9Y338,SGLKRPSSSA,1.5
O00501,SAPRRPTATG,1.67
Q9Y6A1,GFLKRPVVVT,1.58
P10451,KKFRRPDIQY,1.39
Q9UG56,HWLRRPVYSL,1.7
O43166,LPLRRPSYTL,1.71
O60663,RRPKRPRTIL,2.26
Q96QG0,RRPRRPGPSD,2.77
Q9UMX9,EPPKRPTSRL,1.56
Q9HB63,RDLRRPFSAP,1.73
Q14697,LEPRRPRYRV,1.55
Q96QG0,RRPRRPRRPG,3.38
P27815,RAPRRPRSPP,1.97
Q9P2Q0,SGLKRPSSSA,1.51
O00267,KKFKRPPQRL,1.76
Q9H3P9,LRLRRPRVSS,1.83
Q9BZW7,KSPRRPSPTA,1.62
Q9NPN8,KELRRPPPRS,1.53
Q15653,PRPRRPREAP,2.61
Q14596,LKLRRPVVGS,1.52
Q9ULS2,IKPKRPFVES,2.08
Q96KY5,ITLRRPGCEL,1.2
O00124,SFPRRPLAVE,1.72
Q96AB7,YQLRRPEDRP,1.16
Q8WW30,DPPRRPPRNG,3.91
O15235,GPPKRPPRKL,4.23
Q9NR48,KKPPRPPKKK,1.75
Q9NR59,PGPPRPPKEP,1.87
Q9Y3F0,FLPPRPPKVL,3.06
Q9UKB5,RSPPRPPRLW,4.18
P52849,PVPPRPPRPP,3.73
Q9BYB6,APPPRPPKNQ,2.94
P46527,YRPPRPPKGA,3.58
Q9Y5L9,PSPARPPRRR,4.22
O43184,VRPSRPPRGF,4.09
Q14739,RSPGRPPKSA,2.19
Q9NQV6,RRPGRPPKFI,2.7
O00485,HVPIRPPRPS,4.09
Q9NWT4,VLPPRPPKVL,2.54
Q9NWD7,RIPTRPPRAP,4.4
Q9Y4E6,KGPTRPPRPS,4.03
O60342,ARPARPPRVR,4.21
Q9H4M9,VDPRRPFRKL,3.47
O60663,KDPRRPKRPR,3.57
Q9Y5M0,PLLKRPVRTQ,3.22
O15085,DDPRRPSRSP,3.34
Q9Y284,SDPRRPNKVL,2.81
Q9NP08,AGPRRPHRCS,3.86
Q15015,GSPRRPRRQR,3.92
Q07092,LGPRRPMRPV,4.01
P08913,PGPRRPERGP,4.13
Q12947,SGLRRPEKPP,1.76
Q9BZC7,NFLRRPQRMP,3.09
Q9NXX3,WPLKRPGRIS,3.18
P51511,VTPRRPGRPD,3.72
Q92797,LIFKRPSRQF,3.71
Q99973,RHPRRPPRSP,3.09
P51608,MVIKRPGRKR,3.21
O75116,QSIRRPSRQL,3.16
Q9Y2H9,ARLRRPPRPS,3.44
Q9HA41,PALRRPGRFD,2.82
Q16624,PGFRRPARPE,3.45
Q9NVG6,SKLRRPLKRN,2.04
O95125,KQPRRPRRWV,3.34
P04114,PSPKRPVKLL,1.87
O75334,KVIRRPRRGR,2.07
Q99776,KIFRRPRKLF,1.94
O94885,EKPKRPTRRR,4.36
Q9HBK4,CVPRRPARAL,4.11
Q99848,RGLKRPGKKG,1.41
Q9Y5K6,VYPKRPEKPV,1.63
Q9NYR0,LPPRRPERPV,3.54
Q9UI45,KDIRRPERRH,2.73
P41440,LFLKRPKRSL,3.36
O95327,PALRRPSRAC,3.7
Q9NNY5,LPPKRPIKEV,2.57
Q9NSY0,PRPRRPPLQW,3.03
Q9BZL6,LLPRRPPSSS,2.07
Q96CT5,DFPRRPPWSY,1.73
Q16632,QSPKRPPEDF,1.62
Q9BTK6,ILPRRPPTPE,1.76
Q9BZS0,KPPKRPPIEA,1.76
Q96DR3,GPPRRPPRSV,4.31
Q9NTY8,VVPRRPPAHI,3.79
Q9P239,ESPWKPPTYL,1.6
Q9UD05,LLPERPPYLD,1.76
Q96BJ8,PIPERPPPVP,1.58
Q8WVQ3,PLPPKPPFPG,1.64
Q96QH2,DFPKKPPQPE,1.81
Q9BW08,PKPERPPSSS,1.82
Q8TDP0,TVPARPPATH,3.91
Q03431,SGPERPPALL,1.72
Q92560,RVPVRPPQQY,2.12
P17600,GPPQKPPGPA,1.67
Q99651,MVPAKPPKGL,1.75
Q96QH2,DLPKKPPPPE,1.72
AAH27972,ARPPRPPYPP,4.2
P25440,GRPIKPPRKD,3.95
Q96RT6,FLPYRPPRPA,3.86
P42695,SLPDKPPPQP,1.76
O00302,IPPNKPPWFD,1.64
O14607,CPPPRPPTSP,1.92
Q9NXY3,LGPSRPPTGE,1.58
P51816,APPHKPPNTR,1.68
O95153,GSPEKPPSRR,2.91
Q9NPM2,PGPAKPPAHR,1.6
Q96NB9,IVPKKPPLLD,1.54
Q9UJV1,VKPFKPPLSD,1.62
Q9HCU4,GPPPRPPPRQ,4.25
O15211,IRPLRPPQRA,4.29
Q9Y397,CKIFRPPRAS,3.25
O43611,GIFTRPSKLT,2.51
Q9Y2Q2,NALIRPGRFD,2.38
P11161,RPILRPRKYP,3.32
O76074,SEFDRPLRPI,2.12
Q9NSC3,GQPSRPTKSK,1.91
Q92766,TALLRPLRPK,2.17
Q9H296,CCIYRPLKPR,1.99
Q9Y6D4,YCLYRPRKYL,2.14
Q9UD05,PIPPRPVKPD,2.81
O15450,VPLLRPHRPS,3.13
Q9NQV6,KAFCRPDKLR,2.07
P39189,QHFGRPRRAD,2.66
Q9NYJ2,GNLPRPGRGA,2.98
Q14775,DTPLRPARQQ,3.34
P46013,HVPARPYRVL,3.61
Q9C0B5,CRFYRPPRCS,3.75
Q9HC66,IRLPRPPKVL,3.29
Q08050,PHLARPIKVE,2.16
Q9NWH6,WRPWRPDKTK,2.76
Q9NRA6,ANIQRPCRKS,3.51
Q9Y4C9,GRIGRPPKYR,2.21
Q9UMR2,MGFNRPSKIQ,2.38
Q9HCS7,ARLSRPERPD,3.15
O60449,KVFHRPWRRG,2.9
Q9Y6A1,SSPPRPVRHG,3.47
P39060,GFPGRPGRPG,2.14
Q99941,PSLPRPERKS,2.18
Q05397,SFIIRPQKEG,2.07
Q9NRA0,DLLPRPPRLL,2.92
Q9NVW8,IPFERPFRRP,2.98
P46778,YMFSRPFRKH,3.34
O75928,WCPMRPKKEA,2.23
O43365,RYLCRPRRVE,2.53
Q9P2A7,PEPPRPAKRP,2.79
O60281,YSPYRPYRCV,3
Q9Y4G2,DDFYRPSREQ,2.15
P34925,ARLGRPGRSC,2.11
Q9NPI5,PSPARPARTQ,3.63
Q9NQ75,LTLPRPVRAS,2.6
Q9Y215,GELGRPGRKG,2.01
Q14202,FVPFRPRRSP,4.3
Q9UCT9,GPPPRPGKPE,2.02
Q15598,GKPSRPSKPI,2.1
O43364,KYLCRPRRVE,2.41
P30670,TNPFRPQKVC,1.89
O95996,RSLHRPAKTS,2.23
P50219,KYLSRPKRFE,2.29
Q12972,LDIQRPKRKR,3.33
Q9Y6C2,RPLARPARPN,3.48
Q9UL53,FSIVRPRRLL,3.14
P30622,GIFTRPSKLT,2.08
Q9H6Q4,QAPDRPSREL,3.52
O43734,QDLPRPLRSR,2.19
Q9NRN8,WYPLRPKKIN,2.25
Q9H254,EQLPRPTRGR,2.94
Q9Y2U5,LQFPRPVKLE,2.03
Q15598,LEIVRPARRR,2.28
P12111,PPPSRPEKKK,1.9
Q9BQ84,MAFPRPKRPA,3.12
P00740,KILNRPKRYN,2.68
O60673,NCLTRPQKLS,2.08
Q9ULL4,EGPARPYRLK,3.1
Q12756,LSPLRPSRRH,3.95
Q93062,YLLFRPFKGY,2.11
Q12789,CFIGRPWRVV,2.05
Q9H2X0,RRLDRPTRIR,2.89
P47210,SALLRPGRID,3.21
P39059,GLPGRPGRPG,2.45
Q9UFB1,LPPPRPQRPA,2.4
P47712,PLILRPQRGV,2.54
Q9BZ71,SRFQRPGRRM,3.61
O75016,DFLQRPGRQP,2.32
Q15413,HPLIRPFKTL,1.94
P50570,QIPSRPVRIP,3.95
Q12946,KGLGRPGKGH,2.32
Q06481,SDPPRPHRIL,2.23
O75643,SQIERPIRIV,2.73
P49815,LRIARPPKQG,2.22
Q9ULT8,MILRRPSLQR,2.37
O75962,PGPKRPGNTL,1.72
Q9Y5I0,YSFRRPVWPA,1.44
Q9UDN0,KKIKRPKFTV,1.63
O95696,AAPRRPFSWE,1.45
Q9ULB8,RVLRRPQEFV,1.86
Q9NS96,EEPKRPPGIC,1.37
O43165,PQIRRPRSLS,2.05
Q15413,LLIRRPECFG,1.6
P35670,TNPKRPLSSA,1.55
Q9P0Y7,DVIRRPTFVP,1.36
Q16632,WDLRRPYEPI,1.65
Q9BT99,LKLRRPVTVP,1.45
P23497,NAPKRPPLAF,1.51
Q9Y2F3,DIPKRPSYVA,1.68
O95444,FKLKRPLEDG,1.58
Q99698,SCPRRPDYLK,1.38
P48634,NQPKRPPAAP,1.58
Q9H9Q6,RHFRRPDPCR,1.37
Q96JV6,ATLKRPEVIA,1.58
Q96T37,DDLRRPATMK,1.48
O43379,QPLRRPSSVG,1.57
P33551,LLFRRPLPKK,1.54
Q96PC8,RPLKRPRLGP,1.49
P24821,KSLRRPETSY,1.59
O43558,FDIRRPSLEH,2.06
Q9H8J7,QSLRRPLWLS,1.82
Q96SZ9,FHPKRPMHIL,1.75
Q9Y373,EELRRPEMKN,1.53
P36776,TSLRRPQDKD,1.43
Q16538,HSPRRPRPLG,1.65
P46781,VTPRRPFEKS,2.39
P54198,TCLKRPLVVI,1.42
Q96HE7,VNLKRPCPFW,1.68
P31629,LSPRRPVSPG,1.78
Q9NVW8,RPFRRPNANF,3.6
Q9BZ71,EEPKRPLPRK,1.55
Q16360,PLPRRPGHDD,1.57
O94830,MGIKRPAPQP,1.39
Q9UEF7,APPRRPRPPP,2.36
Q9Y5I4,PRLRRPMPWL,1.93
Q13304,LKLRRPLYAH,1.5
Q16632,KGPKRPQQPN,1.67
P20849,ASLKRPDSGA,1.43
Q9NP57,PAPRRPASLA,1.57
Q9Y5X7,NGIRRPLQGV,1.24
Q9Y5U2,GGFKRPLAPS,1.5
Q16360,AQLRRPRHSH,1.73
Q9NR84,VQLKRPKDAN,1.46
O15194,YVLKRPHVDE,1.29
Q92736,LLIRRPECFG,1.19
Q9UFC0,AALKRPDDVP,1.58
O43593,PAPKRPPDPF,1.71
Q96RC0,MYLRRPTEES,2.05
P55060,PAIRRPAEKF,1.56
Q14152,DRFRRPRDEG,1.66
O94848,FFIRRPTLDI,1.77
O15488,AFLKRPELGL,1.56
P25100,GPFRRPTTQL,2.53
Q04206,MQLRRPSDRE,1.65
Q9P1W0,RSPKRPAWGS,1.67
Q9BYH1,NFPRRPDSGD,1.48
P78347,QSPKRPRSPG,1.5
O15209,AGLRRPTYTP,1.5
P27816,APPKRPAVAS,1.81
Q9NQW1,KWIRRPTGVS,1.63
P11171,SFLKRPKSQV,1.57
P26368,LKIRRPHDYQ,1.57
Q15477,LSLRRPPGPA,1.53
Q9UEI9,APPRRPRPPP,2.96
O76050,TALRRPSLRR,1.81
O60721,QHLRRPRGLS,1.5
P47985,LDLKRPFLSR,1.67
Q9H6X0,LPPKRPLSSS,2.83
Q9UPN3,SKLKRPTPTF,1.62
Q9H6Z2,TLPRRPFLHC,3.18
Q9BQL3,GGLKRPSTRT,1.35
Q14289,GTLRRPEGPA,1.39
Q9Y687,APLRRPDSSD,1.67
Q9HCL7,VSPRRPWSPS,2.35
O00467,LKLRRPSFRD,1.78
P53675,APIRRPISAE,3
Q9H7J2,RPLRRPRPVQ,2.92
P78347,FVIKRPELLT,1.46
O94766,AELRRPPPAP,1.42
O95359,MPLRRPKMKK,1.54
Q9P2S2,FEPRRPPPLR,1.51
O43561,IQFKRPHTVA,1.55
O43196,REPKRPEIIF,1.49
Q14137,IQPRRPRDPT,1.89
O43844,PDFKRPACFG,1.49
Q96T16,RNPRRPPPSS,1.9
Q96S08,PRIKRPRLQV,1.56
Q13387,EPPRRPAFLP,1.51
P09172,LLFKRPFGTC,1.61
P07949,MTFRRPAQAF,1.43
Q9BPU7,GSLRRPLSWK,1.64
Q96IB8,PDLRRPPTPA,1.6
O75381,EKLRRPEGAS,1.61
P78347,IPFRRPSTYG,1.63
Q06587,PAPKRPRGGG,1.59
Q9HBS1,QVPRRPHHTP,1.63
Q99754,SGIKRPMASE,1.25
Q9UEG5,DHIRRPMNAF,1.48
Q9Y2Z7,CVLRRPGANH,1.66
Q9P260,NLIKRPDDEQ,1.21
Q14767,GSPRRPTEAE,1.37
P11230,LRLKRPKPER,1.63
O15043,TIPKRPWLSA,1.55
Q92932,TYLRRPEASS,1.33
Q9HCK6,ASPRRPRSFK,1.76
Q9UJX9,TYPRRPGSSP,1.74
Q8WXI7,PNPKRPGLDR,1.64
Q9NYY3,TDIRRPRLYL,1.56
Q96NX2,VAIRRPPDLG,1.37
Q9H3D6,EAIKRPSPDE,1.63
O43566,PAPRRPTTDQ,1.56
Q9NWJ0,PVPRRPSTWS,3.38
O14686,QEPKRPSQLP,1.72
Q9HD26,NDLKRPMQAP,1.52
Q9HA84,TPPRRPVPVA,2.5
P07949,KALRRPKCAE,1.41
O95444,FVIKRPELLT,1.45
Q96SU4,NSLKRPDTTE,1.39
O43188,SYLRRPAVVY,1.55
Q9NUD3,LCPRRPWPSL,2
Q9H5X0,GVLRRPRPTP,1.58
O75817,RLPRRPNDIY,1.59
Q09470,GRLRRPVNVP,1.53
O60890,FHIKRPAPRP,1.26
P23246,SLLRRPGEKT,1.47
